Type,Date,Part of a policing operation,Policing operation,Latitude,Longitude,Gender,Age range,Self-defined ethnicity,Officer-defined ethnicity,Legislation,Object of search,Outcome,Outcome linked to object of search,Removal of more than just outer clothing
Vehicle search,2022-01-01T00:00:00+00:00,False,,,,,,,,,Controlled drugs,Arrest,,
Person and Vehicle search,2022-01-01T02:15:00+00:00,False,,,,Male,18-24,Asian/Asian British - Pakistani,Asian,,Controlled drugs,A no further action disposal,,False
Person and Vehicle search,2022-01-01T04:10:00+00:00,False,,,,Male,25-34,Asian/Asian British - Pakistani,Asian,,Controlled drugs,A no further action disposal,,False
Person and Vehicle search,2022-01-02T18:50:00+00:00,False,,,,Male,25-34,Asian/Asian British - Any other Asian background,Asian,,Controlled drugs,A no further action disposal,,False
Person and Vehicle search,2022-01-02T22:43:00+00:00,False,,,,Male,10-17,Asian/Asian British - Pakistani,Asian,,Article for use in theft,Community resolution,False,False
Person and Vehicle search,2022-01-03T15:49:00+00:00,False,,,,Male,over 34,Asian/Asian British - Pakistani,Asian,,Offensive weapons,A no further action disposal,,False
Person and Vehicle search,2022-01-04T22:10:00+00:00,False,,,,Male,25-34,Asian/Asian British - Any other Asian background,Asian,,Controlled drugs,A no further action disposal,,False
Person and Vehicle search,2022-01-04T22:11:00+00:00,False,,,,Male,25-34,Asian/Asian British - Pakistani,Asian,,Controlled drugs,A no further action disposal,,False
Person and Vehicle search,2022-01-04T23:58:00+00:00,False,,,,Male,18-24,Asian/Asian British - Indian,Asian,,Offensive weapons,A no further action disposal,,False
Person and Vehicle search,2022-01-05T00:40:00+00:00,False,,,,Male,18-24,Asian/Asian British - Indian,Asian,,Controlled drugs,A no further action disposal,,False
Person and Vehicle search,2022-01-05T02:15:00+00:00,False,,,,Male,over 34,Asian/Asian British - Pakistani,Asian,,Article for use in theft,A no further action disposal,,False
Person and Vehicle search,2022-01-06T01:08:00+00:00,False,,,,Male,25-34,Asian/Asian British - Pakistani,Asian,,Stolen goods,Arrest,False,False
Person and Vehicle search,2022-01-07T16:00:00+00:00,False,,,,Male,over 34,Asian/Asian British - Pakistani,Asian,,Controlled drugs,A no further action disposal,,False
Person and Vehicle search,2022-01-08T01:00:00+00:00,False,,,,Male,18-24,Asian/Asian British - Indian,Asian,,Controlled drugs,A no further action disposal,,False
Person and Vehicle search,2022-01-10T01:58:00+00:00,False,,,,Male,10-17,Asian/Asian British - Pakistani,Asian,,Controlled drugs,A no further action disposal,,False
Person and Vehicle search,2022-01-11T01:30:00+00:00,False,,,,Male,18-24,Asian/Asian British - Indian,Asian,,Controlled drugs,Arrest,True,False
Person and Vehicle search,2022-01-11T18:00:00+00:00,False,,,,Male,18-24,Asian/Asian British - Pakistani,Asian,,Controlled drugs,Arrest,True,False
Person and Vehicle search,2022-01-11T20:25:00+00:00,False,,,,Male,18-24,Asian/Asian British - Pakistani,Asian,,Offensive weapons,Arrest,False,False
Person and Vehicle search,2022-01-11T22:05:00+00:00,False,,,,Male,18-24,Asian/Asian British - Pakistani,Asian,,Controlled drugs,Khat or Cannabis warning,True,False
Person and Vehicle search,2022-01-12T14:25:00+00:00,False,,,,Male,18-24,Asian/Asian British - Pakistani,Asian,,Controlled drugs,Arrest,True,False
Vehicle search,2022-01-12T22:20:00+00:00,False,,,,,,,,,Stolen goods,A no further action disposal,,
Person and Vehicle search,2022-01-14T22:00:00+00:00,False,,,,Male,25-34,Asian/Asian British - Pakistani,Asian,,Controlled drugs,A no further action disposal,,False
Person and Vehicle search,2022-01-15T15:41:00+00:00,False,,,,Male,10-17,Asian/Asian British - Chinese,Asian,,Article for use in theft,A no further action disposal,,False
Person and Vehicle search,2022-01-15T20:32:00+00:00,False,,,,Male,18-24,Asian/Asian British - Pakistani,Asian,,Controlled drugs,Khat or Cannabis warning,True,False
Person and Vehicle search,2022-01-15T20:45:00+00:00,False,,,,Male,18-24,Asian/Asian British - Pakistani,Asian,,Controlled drugs,A no further action disposal,,False
Person and Vehicle search,2022-01-15T20:45:00+00:00,True,,,,Male,10-17,Asian/Asian British - Pakistani,Asian,,Controlled drugs,Community resolution,True,False
Person and Vehicle search,2022-01-16T01:50:00+00:00,True,,,,Male,25-34,Asian/Asian British - Pakistani,Asian,,Controlled drugs,A no further action disposal,,False
Person and Vehicle search,2022-01-16T07:21:00+00:00,False,,,,Male,18-24,Asian/Asian British - Bangladeshi,Asian,,Article for use in theft,A no further action disposal,,False
Person and Vehicle search,2022-01-16T16:10:00+00:00,False,,,,Male,over 34,Asian/Asian British - Pakistani,Asian,,Controlled drugs,Arrest,True,False
Person and Vehicle search,2022-01-17T17:15:00+00:00,False,,,,Male,10-17,Asian/Asian British - Any other Asian background,Asian,,Controlled drugs,A no further action disposal,,False
Person and Vehicle search,2022-01-17T17:15:00+00:00,False,,,,Male,,Asian/Asian British - Bangladeshi,Asian,,Controlled drugs,A no further action disposal,,False
Person and Vehicle search,2022-01-17T17:15:00+00:00,False,,,,Male,18-24,Asian/Asian British - Any other Asian background,Asian,,Controlled drugs,A no further action disposal,,False
Person and Vehicle search,2022-01-17T17:15:00+00:00,False,,,,Male,18-24,Asian/Asian British - Indian,Asian,,Controlled drugs,Arrest,True,False
Person and Vehicle search,2022-01-17T22:55:00+00:00,False,,,,Female,over 34,Asian/Asian British - Indian,Asian,,Controlled drugs,A no further action disposal,,False
Person and Vehicle search,2022-01-18T17:55:00+00:00,False,,,,Male,18-24,Asian/Asian British - Pakistani,Asian,,Controlled drugs,Community resolution,True,False
Person and Vehicle search,2022-01-18T21:57:00+00:00,False,,,,Male,18-24,Asian/Asian British - Pakistani,Asian,,Controlled drugs,A no further action disposal,,False
Person and Vehicle search,2022-01-19T10:30:00+00:00,False,,,,Male,over 34,Asian/Asian British - Pakistani,Asian,,Controlled drugs,A no further action disposal,,False
Person and Vehicle search,2022-01-20T04:45:00+00:00,False,,,,Male,25-34,Asian/Asian British - Pakistani,Asian,,Article for use in theft,A no further action disposal,,False
Person and Vehicle search,2022-01-20T04:45:00+00:00,False,,,,Male,18-24,Asian/Asian British - Pakistani,Asian,,Article for use in theft,A no further action disposal,,False
Person and Vehicle search,2022-01-21T02:26:00+00:00,False,,,,Male,25-34,Asian/Asian British - Pakistani,Asian,,Controlled drugs,A no further action disposal,,False
Person and Vehicle search,2022-01-21T09:50:00+00:00,False,,,,Male,over 34,Asian/Asian British - Indian,Asian,,Controlled drugs,Arrest,False,False
Person and Vehicle search,2022-01-21T16:00:00+00:00,False,,,,Female,over 34,Asian/Asian British - Indian,Asian,,Controlled drugs,Arrest,True,False
Person and Vehicle search,2022-01-21T20:35:00+00:00,False,,,,Male,over 34,Asian/Asian British - Pakistani,Asian,,Controlled drugs,A no further action disposal,,False
Person and Vehicle search,2022-01-21T21:00:00+00:00,True,,,,Male,18-24,Asian/Asian British - Indian,Asian,,Controlled drugs,Khat or Cannabis warning,True,False
Vehicle search,2022-01-21T23:30:00+00:00,False,,,,,,,,,Controlled drugs,A no further action disposal,,
Person and Vehicle search,2022-01-22T15:31:00+00:00,False,,,,Male,18-24,Asian/Asian British - Indian,Asian,,Controlled drugs,A no further action disposal,,False
Person and Vehicle search,2022-01-22T15:42:00+00:00,True,,,,Male,10-17,Asian/Asian British - Indian,Asian,,Controlled drugs,A no further action disposal,,False
Person and Vehicle search,2022-01-22T20:20:00+00:00,False,,,,Male,18-24,Asian/Asian British - Bangladeshi,Asian,,Controlled drugs,A no further action disposal,,False
Person and Vehicle search,2022-01-22T20:20:00+00:00,False,,,,Male,18-24,Asian/Asian British - Bangladeshi,Asian,,Controlled drugs,A no further action disposal,,False
Person and Vehicle search,2022-01-22T20:20:00+00:00,False,,,,Male,10-17,Asian/Asian British - Bangladeshi,Asian,,Controlled drugs,A no further action disposal,,False
Person and Vehicle search,2022-01-22T20:20:00+00:00,False,,,,Male,18-24,Asian/Asian British - Bangladeshi,Asian,,Controlled drugs,A no further action disposal,,False
Person and Vehicle search,2022-01-23T15:20:00+00:00,False,,,,Male,over 34,Asian/Asian British - Indian,Asian,,Stolen goods,A no further action disposal,,False
Person and Vehicle search,2022-01-23T22:00:00+00:00,False,,,,Male,18-24,Asian/Asian British - Pakistani,Asian,,Offensive weapons,A no further action disposal,,False
Person and Vehicle search,2022-01-24T03:45:00+00:00,False,,,,Male,18-24,Asian/Asian British - Pakistani,Asian,,Controlled drugs,A no further action disposal,,False
Person and Vehicle search,2022-01-24T14:01:00+00:00,False,,,,Male,18-24,Asian/Asian British - Pakistani,Asian,,Controlled drugs,Community resolution,True,False
Person and Vehicle search,2022-01-24T14:15:00+00:00,False,,,,Male,25-34,Asian/Asian British - Any other Asian background,Asian,,Controlled drugs,A no further action disposal,,False
Person and Vehicle search,2022-01-24T17:50:00+00:00,False,,,,Male,over 34,Asian/Asian British - Indian,Asian,,Offensive weapons,A no further action disposal,,False
Person and Vehicle search,2022-01-24T23:50:00+00:00,False,,,,Male,10-17,Asian/Asian British - Pakistani,Asian,,Stolen goods,A no further action disposal,,False
Person and Vehicle search,2022-01-24T23:50:00+00:00,False,,,,Male,10-17,Asian/Asian British - Pakistani,Asian,,Stolen goods,A no further action disposal,,False
Person and Vehicle search,2022-01-24T23:50:00+00:00,False,,,,Male,10-17,Asian/Asian British - Pakistani,Asian,,Stolen goods,A no further action disposal,,False
Person and Vehicle search,2022-01-25T15:10:00+00:00,False,,,,Male,18-24,Asian/Asian British - Pakistani,Asian,,Controlled drugs,Community resolution,True,False
Person and Vehicle search,2022-01-26T04:10:00+00:00,False,,,,Male,25-34,Asian/Asian British - Any other Asian background,Asian,,Controlled drugs,Community resolution,True,False
Person and Vehicle search,2022-01-26T17:10:00+00:00,False,,,,Male,18-24,Asian/Asian British - Pakistani,Asian,,Article for use in theft,A no further action disposal,,False
Person and Vehicle search,2022-01-26T20:52:00+00:00,False,,,,Male,18-24,Asian/Asian British - Indian,Asian,,Article for use in theft,A no further action disposal,,False
Person and Vehicle search,2022-01-27T02:24:00+00:00,False,,,,Male,over 34,Asian/Asian British - Pakistani,Asian,,Controlled drugs,A no further action disposal,,False
Person and Vehicle search,2022-01-27T18:26:00+00:00,False,,,,Male,10-17,Asian/Asian British - Indian,Asian,,Controlled drugs,A no further action disposal,,False
Person and Vehicle search,2022-01-27T21:35:00+00:00,False,,,,Male,18-24,Asian/Asian British - Pakistani,Asian,,Controlled drugs,A no further action disposal,,False
Person and Vehicle search,2022-01-28T16:50:00+00:00,False,,,,Male,25-34,Asian/Asian British - Pakistani,Asian,,Controlled drugs,A no further action disposal,,False
Person and Vehicle search,2022-01-28T17:51:00+00:00,False,,,,Male,25-34,Asian/Asian British - Indian,Asian,,Controlled drugs,A no further action disposal,,False
Person and Vehicle search,2022-01-28T21:00:00+00:00,True,,,,Male,25-34,Asian/Asian British - Bangladeshi,Asian,,Controlled drugs,Arrest,True,False
Person and Vehicle search,2022-01-28T21:09:00+00:00,False,,,,Male,25-34,Asian/Asian British - Bangladeshi,Asian,,Controlled drugs,Arrest,True,False
Person and Vehicle search,2022-01-28T23:10:00+00:00,False,,,,Female,18-24,Asian/Asian British - Pakistani,Asian,,Controlled drugs,A no further action disposal,,False
Person and Vehicle search,2022-01-28T23:15:00+00:00,False,,,,Female,18-24,Asian/Asian British - Pakistani,Asian,,Controlled drugs,Arrest,True,False
Person and Vehicle search,2022-01-29T00:27:00+00:00,False,,,,Male,over 34,Asian/Asian British - Indian,Asian,,Controlled drugs,A no further action disposal,,False
Person and Vehicle search,2022-01-29T17:40:00+00:00,True,,,,Male,18-24,Asian/Asian British - Pakistani,Asian,,Controlled drugs,Community resolution,True,False
Person and Vehicle search,2022-01-29T18:30:00+00:00,False,,,,Male,25-34,Asian/Asian British - Pakistani,Asian,,Controlled drugs,A no further action disposal,,False
Person and Vehicle search,2022-01-29T20:45:00+00:00,False,,,,Male,25-34,Asian/Asian British - Pakistani,Asian,,Controlled drugs,Arrest,True,False
Person and Vehicle search,2022-01-30T00:20:00+00:00,False,,,,Male,18-24,Asian/Asian British - Pakistani,Asian,,Controlled drugs,A no further action disposal,,False
Person and Vehicle search,2022-01-30T00:23:00+00:00,False,,,,Male,18-24,Asian/Asian British - Pakistani,Asian,,Controlled drugs,A no further action disposal,,False
Person and Vehicle search,2022-01-30T01:41:00+00:00,False,,,,Male,18-24,Asian/Asian British - Any other Asian background,Asian,,Controlled drugs,A no further action disposal,,False
Person and Vehicle search,2022-01-30T01:41:00+00:00,False,,,,Male,18-24,Asian/Asian British - Bangladeshi,Asian,,Controlled drugs,A no further action disposal,,False
Person and Vehicle search,2022-01-30T02:09:00+00:00,False,,,,Male,18-24,Asian/Asian British - Pakistani,Asian,,Controlled drugs,A no further action disposal,,False
Person and Vehicle search,2022-01-30T21:43:00+00:00,False,,,,Male,over 34,Asian/Asian British - Pakistani,Asian,,Controlled drugs,A no further action disposal,,False
Person and Vehicle search,2022-01-31T23:20:00+00:00,False,,,,Male,25-34,Asian/Asian British - Pakistani,Asian,,Controlled drugs,A no further action disposal,,False
